title,authors,first_publish_year,key,cover_url
Python Programming Crash Course,Alex Jaxson,2022,/works/OL29179198W,
"Introduction to Python Programming and Data Structures, Global Edition",Y Liang,2022,/works/OL32418351W,
Zero to Mastery in Python Programming,"Vayu PUBLISHING, Rakesh YADAV",2022,/works/OL28096065W,
Python Language,Albert Robin,2022,/works/OL31104383W,
Introduction to Python Programming,Alex Jaxson,2022,/works/OL29222726W,
Python Programming,"Vijaya Kumara Sarma, Vimal Kumar, Swati Sharma, Shashwat Pathak",2021,/works/OL25320045W,
Python for Beginners : 2 Books in 1,Programming Languages ACADEMY,2021,/works/OL30980985W,
Python Programming and Numerical Methods,"Alexandre Bayen, Qingkai Kong, Timmy Siauw",2020,/works/OL21647689W,https://covers.openlibrary.org/b/id/13313968-M.jpg
Python Programming : This Book Includes,Computer Science Computer Science Academy,2020,/works/OL30618028W,
Python Programming,Infinity Solutions,2020,/works/OL30603318W,
Python Programming,Reema Thareja,2019,/works/OL26755050W,
Python Programming,Sarah Stewart,2019,/works/OL25171735W,https://covers.openlibrary.org/b/id/11978097-M.jpg
Coding by Doing : for Absolute Beginners - 2 Books in One - Learn SQL and Python Programming,Coding Languages Coding Languages Academy,2019,/works/OL30114909W,https://covers.openlibrary.org/b/id/13167916-M.jpg
Python Programming : Advanced Python Applications and Features,Coding ACADEMY,2019,/works/OL30320186W,
Advanced Python Programming,"Brian Overland, John Bennett",2019,/works/OL21354459W,https://covers.openlibrary.org/b/id/12401810-M.jpg
Introduction to Python Programming,"Gowrishankar S, Veena A",2018,/works/OL25217001W,
Fundamentals of Python Programming,Richard L. Halterman,2018,/works/OL20455939W,https://covers.openlibrary.org/b/id/9121653-M.jpg
Black Hat Python Programming,"Richard Ozer, Python Programming",2018,/works/OL40790292W,
Python,Joshua Welsh,2017,/works/OL20212390W,https://covers.openlibrary.org/b/id/8863687-M.jpg
Python Programming,"Naveen ,Kumar and Taneja Sheetal",2017,/works/OL27103303W,https://covers.openlibrary.org/b/id/12587933-M.jpg
Python : Programming,"iCode Academy, Python Language",2017,/works/OL24796433W,https://covers.openlibrary.org/b/id/11560038-M.jpg
Python Programming for Intermediates,"Python Programming, Michael Knapp",2017,/works/OL29569283W,
Core Python Programming,R. Nageswara Rao,2016,/works/OL30906747W,https://covers.openlibrary.org/b/id/13192647-M.jpg
Python Programming,Adam Stewart,2016,/works/OL24567802W,https://covers.openlibrary.org/b/id/11218742-M.jpg
Murach's Python Programming (2nd Edition),"Joel Murach, Michael Urban",2016,/works/OL25315386W,https://covers.openlibrary.org/b/id/13183747-M.jpg
Murach's Python Programming,"Michael Urban, Joel Murach",2016,/works/OL19546354W,https://covers.openlibrary.org/b/id/8512427-M.jpg
"Python Programming: An Introduction to Computer Science, 3rd Ed.",John Zelle,2016,/works/OL19543337W,https://covers.openlibrary.org/b/id/8509622-M.jpg
Python hunting,Marley Adair,2016,/works/OL27030585W,https://covers.openlibrary.org/b/id/12537217-M.jpg
Python Programming For Beginners,"Python Programming, Michael Knapp",2015,/works/OL17755203W,https://covers.openlibrary.org/b/id/8036365-M.jpg
Fluent Python,Luciano Ramalho,2015,/works/OL19932156W,https://covers.openlibrary.org/b/id/8743408-M.jpg
Automate the Boring Stuff with Python,Al Sweigart,2015,/works/OL17192141W,https://covers.openlibrary.org/b/id/7363640-M.jpg
Python Programming for Arduino,Pratik Desai,2015,/works/OL19547138W,https://covers.openlibrary.org/b/id/8513252-M.jpg
Discovering Computer Science,Jessen Havill,2015,/works/OL21572795W,
Black Hat Python,"Justin Seitz, Tim Arnold",2014,/works/OL19547345W,https://covers.openlibrary.org/b/id/8513526-M.jpg
Python,"Bradley N. Miller, David L. Ranum",2013,/works/OL21050696W,https://covers.openlibrary.org/b/id/12571951-M.jpg
Python For Data Analysis,Wes McKinney,2012,/works/OL17422847W,https://covers.openlibrary.org/b/id/7548132-M.jpg
Python Programming Fundamentals,Kent D. Lee,2011,/works/OL16919697W,https://covers.openlibrary.org/b/id/9874412-M.jpg
More Python Programming For The Absolute Beginner,Jonathan S. Harbour,2011,/works/OL17550187W,https://covers.openlibrary.org/b/id/7801993-M.jpg
Python Programming for the Absolute Beginner,Michael Dawson,2010,/works/OL21011871W,https://covers.openlibrary.org/b/id/12520830-M.jpg
Explorations in computing,John S. Conery,2010,/works/OL15444238W,https://covers.openlibrary.org/b/id/12844654-M.jpg
Python programming in context,Bradley N. Miller,2009,/works/OL5830811W,https://covers.openlibrary.org/b/id/5358324-M.jpg
Gray hat Python,Justin Seitz,2009,/works/OL13766685W,https://covers.openlibrary.org/b/id/6458035-M.jpg
Core Python programming,Wesley Chun,2006,/works/OL12409294W,https://covers.openlibrary.org/b/id/7972455-M.jpg
Python Programming Language,"Bradley N. Miller, David L. Ranum",2006,/works/OL21008128W,https://covers.openlibrary.org/b/id/4710287-M.jpg
Python programming,John M. Zelle,2003,/works/OL6037340W,https://covers.openlibrary.org/b/id/935554-M.jpg
Python Cookbook,"Alex Martelli, David Ascher, David M. Beazley, Brian K. Jones",2002,/works/OL14873289W,https://covers.openlibrary.org/b/id/388536-M.jpg
Python Programming Patterns,Thomas W. Christopher,2001,/works/OL7945591W,https://covers.openlibrary.org/b/id/82943-M.jpg
